<?xml version='1.0' encoding='UTF-8'?>
<addon id="plugin.video.GZSZ.Premium" name="GZSZ Premium" version="1.0.1" provider-name="Zwergkaninchen">
<requires>
  <import addon="xbmc.python" version="2.25.0"/>
</requires>
<extension point="xbmc.python.pluginsource" library="main.py">
  <provides>video</provides>
</extension>
<extension point="xbmc.addon.metadata">
  <summary lang="en">GZSZ Premium Streaming.</summary>
  <description lang="en_GB">GZSZ Premium Streaming. http://tvnow.de</description>
  <disclaimer lang="en_GB">RTL Television</disclaimer>
  <assets>
    <icon>icon.png</icon>
    <fanart>fanart.jpg</fanart>
    <screenshot>resources\screenshot-01.jpg</screenshot>
    <screenshot>resources\screenshot-02.jpg</screenshot>
    <screenshot>resources\screenshot-03.jpg</screenshot>    
  </assets>
  <source>https://github.com/Zwergkaninchen/repo/plugin.video.GZSZ.Premium</source>
  <website>http://tvnow.de</website>
 <email>Zwergkaninchen978mail.com</email>
</extension>
</addon>