<?xml version="1.0" encoding="UTF-8" standalone="yes"?>
<addon id="repository.dragon" name="dragon Add-ons" version="6.0.1" provider-name="Dragon">
	<extension point="xbmc.addon.repository" name="Dragon">
		<info compressed="true">https://raw.githubusercontent.com/Zwergkaninchen/repo/master/addons.xml</info>
		<checksum>https://raw.githubusercontent.com/Zwergkaninchen/repo/master/addons.xml.md5</checksum>
		<datadir zip="true">https://raw.githubusercontent.com/Zwergkaninchen/repo/master/</datadir>
	</extension>
	<extension point="xbmc.addon.metadata">
		<summary lang="en">Official Repository of Dragon</summary>
		<summary lang="de">Offizielles Repository der Dragon</summary>
		<description lang="en">This is the official repository and some addons 'Dragon', which you can find at www.dragon-repo.de.tl. Most of the addons hosted here are actively supported by Dragon. Have fun!</description>
		<description lang="de">Das ist das offizielle Repository und einige addons 'Dragon', welche Du unter www.dragon-repo.de.tl findest. Die meisten der hier gehosteten Addons werden von Dragon aktiv supported. Viel Spaß!</description>
		<disclaimer></disclaimer>
		<platform>all</platform>
	</extension>
</addon>