<?xml version="1.0" encoding="UTF-8" standalone="yes"?>
<addon id="repository.zwergkaninchen" name="Zwergkaninchen" version="5.0.1" provider-name="Zwergkaninchen">
	<extension point="xbmc.addon.repository" name="Dragon">
		<info compressed="true">https://raw.githubusercontent.com/Zwergkaninchen/repo/master/addons.xml</info>
		<checksum>https://raw.githubusercontent.com/Zwergkaninchen/repo/master/addons.xml.md5</checksum>
		<datadir zip="true">https://raw.githubusercontent.com/Zwergkaninchen/repo/master/</datadir>
	</extension>
	<extension point="xbmc.addon.metadata">
		<summary lang="en">Zwergkaninchen Repository</summary>
		<summary lang="de">Zwergkaninchen Repository</summary>
		<description lang="en"></description>
		<description lang="de"></description>
		<disclaimer></disclaimer>
		<platform>all</platform>
	</extension>
</addon>